Pmax.gross,Pmax.net,V3,AQY,Ik,Ic
71.17352689592256,70.18609634690007,-0.9874305490224974,0.18175367556910396,391.59332912011405,5.4327954905487985
