FileName,Intercept,umol.L.sec,Temp.C
Ch2_Calcification_O2,230.1952199926064,-0.0017750321659764552,16.31801724137931
Ch3_Calcification_O2,190.8480853064624,-0.0019416710742053156,16.284167630057805
Ch4_Calcification_Blank_O2,243.06699293853072,3.5278860569715593e-4,16.248682080924855
